{
    "rho_0.0_beta_5e-05": [
        [
            0.0
        ],
        [
            0.0
        ],
        [
            0.0
        ],
        [
            0.0
        ],
        [
            0.0
        ]
    ],
    "rho_0.0025_beta_5e-05": [
        [
            0.0
        ],
        [
            0.14285714285714285
        ],
        [
            0.0
        ],
        [
            0.0
        ],
        [
            0.0
        ]
    ],
    "rho_0.005_beta_5e-05": [
        [
            0.0
        ],
        [
            0.5
        ],
        [
            0.2
        ],
        [
            0.125
        ],
        [
            0.0
        ]
    ],
    "rho_0.0075_beta_5e-05": [
        [
            0.0
        ],
        [
            0.75
        ],
        [
            1.0
        ],
        [
            0.1111111111111111
        ],
        [
            0.0
        ]
    ],
    "rho_0.01_beta_5e-05": [
        [
            0.375
        ],
        [
            0.3333333333333333
        ],
        [
            0.0
        ],
        [
            0.0
        ],
        [
            0.6666666666666666
        ]
    ],
    "rho_0.0125_beta_5e-05": [
        [
            0.42857142857142855
        ],
        [
            0.5555555555555556
        ],
        [
            0.5
        ],
        [
            0.375
        ],
        [
            0.0
        ]
    ],
    "rho_0.015_beta_5e-05": [
        [
            2.0
        ],
        [
            0.5
        ],
        [
            1.0
        ],
        [
            0.3333333333333333
        ],
        [
            0.0
        ]
    ],
    "rho_0.0175_beta_5e-05": [
        [
            0.25
        ],
        [
            0.4
        ],
        [
            0.25
        ],
        [
            1.0
        ],
        [
            0.16666666666666666
        ]
    ],
    "rho_0.02_beta_5e-05": [
        [
            0.6
        ],
        [
            0.25
        ],
        [
            0.6
        ],
        [
            0.5
        ],
        [
            0.1111111111111111
        ]
    ],
    "rho_0.0225_beta_5e-05": [
        [
            1.2
        ],
        [
            0.0
        ],
        [
            0.2857142857142857
        ],
        [
            1.0
        ],
        [
            1.0
        ]
    ],
    "rho_0.025_beta_5e-05": [
        [
            1.0
        ],
        [
            0.8
        ],
        [
            0.2222222222222222
        ],
        [
            0.0
        ],
        [
            0.4
        ]
    ],
    "rho_0.0275_beta_5e-05": [
        [
            0.0
        ],
        [
            1.0
        ],
        [
            0.25
        ],
        [
            0.5714285714285714
        ],
        [
            1.0
        ]
    ],
    "rho_0.03_beta_5e-05": [
        [
            1.25
        ],
        [
            0.9
        ],
        [
            1.1
        ],
        [
            1.5
        ],
        [
            0.8
        ]
    ],
    "rho_0.04_beta_5e-05": [
        [
            0.3333333333333333
        ],
        [
            3.0
        ],
        [
            1.6666666666666667
        ],
        [
            1.6
        ],
        [
            1.0
        ]
    ],
    "rho_0.05_beta_5e-05": [
        [
            0.8
        ],
        [
            1.5
        ],
        [
            2.111111111111111
        ],
        [
            1.7777777777777777
        ],
        [
            1.0
        ]
    ],
    "rho_0.060000000000000005_beta_5e-05": [
        [
            3.0
        ],
        [
            2.0
        ],
        [
            1.5
        ],
        [
            0.625
        ],
        [
            1.3
        ]
    ],
    "rho_0.07_beta_5e-05": [
        [
            1.5714285714285714
        ],
        [
            2.142857142857143
        ],
        [
            2.5
        ],
        [
            2.7777777777777777
        ],
        [
            1.0
        ]
    ],
    "rho_0.08000000000000002_beta_5e-05": [
        [
            1.8333333333333333
        ],
        [
            1.0
        ],
        [
            1.7
        ],
        [
            3.2
        ],
        [
            1.4285714285714286
        ]
    ],
    "rho_0.09000000000000001_beta_5e-05": [
        [
            2.75
        ],
        [
            2.625
        ],
        [
            3.5714285714285716
        ],
        [
            2.2
        ],
        [
            3.6666666666666665
        ]
    ],
    "rho_0.1_beta_5e-05": [
        [
            2.4285714285714284
        ],
        [
            2.8333333333333335
        ],
        [
            3.3333333333333335
        ],
        [
            3.0
        ],
        [
            3.142857142857143
        ]
    ],
    "rho_0.0_beta_0.00015": [
        [
            0.0
        ],
        [
            0.0
        ],
        [
            0.0
        ],
        [
            0.0
        ],
        [
            0.0
        ]
    ],
    "rho_0.0025_beta_0.00015": [
        [
            0.0
        ],
        [
            0.0
        ],
        [
            0.2857142857142857
        ],
        [
            0.5
        ],
        [
            0.2222222222222222
        ]
    ],
    "rho_0.005_beta_0.00015": [
        [
            0.5
        ],
        [
            0.0
        ],
        [
            0.3
        ],
        [
            0.25
        ],
        [
            0.4
        ]
    ],
    "rho_0.0075_beta_0.00015": [
        [
            0.3333333333333333
        ],
        [
            0.8571428571428571
        ],
        [
            1.0
        ],
        [
            1.2857142857142858
        ],
        [
            0.2
        ]
    ],
    "rho_0.01_beta_0.00015": [
        [
            0.7777777777777778
        ],
        [
            1.5
        ],
        [
            1.0
        ],
        [
            1.5
        ],
        [
            1.1666666666666667
        ]
    ],
    "rho_0.0125_beta_0.00015": [
        [
            0.875
        ],
        [
            0.3333333333333333
        ],
        [
            1.0
        ],
        [
            0.3333333333333333
        ],
        [
            1.6666666666666667
        ]
    ],
    "rho_0.015_beta_0.00015": [
        [
            1.25
        ],
        [
            1.25
        ],
        [
            1.3333333333333333
        ],
        [
            1.8333333333333333
        ],
        [
            0.8333333333333334
        ]
    ],
    "rho_0.0175_beta_0.00015": [
        [
            0.0
        ],
        [
            1.8333333333333333
        ],
        [
            1.0
        ],
        [
            1.0
        ],
        [
            1.5714285714285714
        ]
    ],
    "rho_0.02_beta_0.00015": [
        [
            1.4
        ],
        [
            1.5555555555555556
        ],
        [
            1.0
        ],
        [
            1.4
        ],
        [
            1.8
        ]
    ],
    "rho_0.0225_beta_0.00015": [
        [
            1.4285714285714286
        ],
        [
            2.4444444444444446
        ],
        [
            0.6666666666666666
        ],
        [
            2.0
        ],
        [
            1.6666666666666667
        ]
    ],
    "rho_0.025_beta_0.00015": [
        [
            2.0
        ],
        [
            1.5
        ],
        [
            3.6666666666666665
        ],
        [
            1.5
        ],
        [
            2.25
        ]
    ],
    "rho_0.0275_beta_0.00015": [
        [
            2.0
        ],
        [
            2.8333333333333335
        ],
        [
            1.0
        ],
        [
            2.25
        ],
        [
            1.0
        ]
    ],