{
    "rho_0.0_beta_5e-05": [
        [
            0.0
        ],
        [
            0.0
        ],
        [
            0.0
        ],
        [
            0.0
        ],
        [
            0.0
        ]
    ],
    "rho_0.0025_beta_5e-05": [
        [
            0.0
        ],
        [
            0.0
        ],
        [
            0.0
        ],
        [
            0.0
        ],
        [
            0.0
        ]
    ],
    "rho_0.005_beta_5e-05": [
        [
            0.0
        ],
        [
            0.125
        ],
        [
            0.1111111111111111
        ],
        [
            0.2
        ],
        [
            0.0
        ]
    ],
    "rho_0.0075_beta_5e-05": [
        [
            0.0
        ],
        [
            0.0
        ],
        [
            0.1111111111111111
        ],
        [
            0.0
        ],
        [
            0.0
        ]
    ],
    "rho_0.01_beta_5e-05": [
        [
            0.5
        ],
        [
            0.0
        ],
        [
            0.16666666666666666
        ],
        [
            0.0
        ],
        [
            0.5714285714285714
        ]
    ],
    "rho_0.0125_beta_5e-05": [
        [
            0.0
        ],
        [
            0.6
        ],
        [
            0.3333333333333333
        ],
        [
            0.125
        ],
        [
            0.0
        ]
    ],
    "rho_0.015_beta_5e-05": [
        [
            0.5
        ],
        [
            0.0
        ],
        [
            0.0
        ],
        [
            0.125
        ],
        [
            0.14285714285714285
        ]
    ],
    "rho_0.0175_beta_5e-05": [
        [
            0.0
        ],
        [
            1.1428571428571428
        ],
        [
            0.5
        ],
        [
            0.4
        ],
        [
            0.42857142857142855
        ]
    ],
    "rho_0.02_beta_5e-05": [
        [
            0.3333333333333333
        ],
        [
            1.3333333333333333
        ],
        [
            0.8
        ],
        [
            0.2222222222222222
        ],
        [
            0.0
        ]
    ],
    "rho_0.0225_beta_5e-05": [
        [
            0.6
        ],
        [
            0.875
        ],
        [
            1.2222222222222223
        ],
        [
            1.0
        ],
        [
            1.0
        ]
    ],
    "rho_0.025_beta_5e-05": [
        [
            0.4444444444444444
        ],
        [
            0.8333333333333334
        ],
        [
            0.5
        ],
        [
            0.8
        ],
        [
            0.4
        ]
    ],
    "rho_0.0275_beta_5e-05": [
        [
            0.4444444444444444
        ],
        [
            0.8333333333333334
        ],
        [
            1.0
        ],
        [
            0.0
        ],
        [
            1.0
        ]
    ],
    "rho_0.03_beta_5e-05": [
        [
            1.125
        ],
        [
            0.7
        ],
        [
            1.0
        ],
        [
            1.0
        ],
        [
            0.6
        ]
    ],
    "rho_0.04_beta_5e-05": [
        [
            0.8333333333333334
        ],
        [
            3.0
        ],
        [
            1.0
        ],
        [
            1.75
        ],
        [
            1.0
        ]
    ],
    "rho_0.05_beta_5e-05": [
        [
            1.3
        ],
        [
            2.0
        ],
        [
            2.0
        ],
        [
            2.0
        ],
        [
            2.6666666666666665
        ]
    ],
    "rho_0.060000000000000005_beta_5e-05": [
        [
            1.5
        ],
        [
            1.625
        ],
        [
            0.0
        ],
        [
            2.1
        ],
        [
            1.6
        ]
    ],
    "rho_0.07_beta_5e-05": [
        [
            2.5
        ],
        [
            1.0
        ],
        [
            2.4444444444444446
        ],
        [
            1.8
        ],
        [
            1.0
        ]
    ],
    "rho_0.08000000000000002_beta_5e-05": [
        [
            2.3333333333333335
        ],
        [
            2.0
        ],
        [
            1.5
        ],
        [
            3.0
        ],
        [
            3.4
        ]
    ],
    "rho_0.09000000000000001_beta_5e-05": [
        [
            6.333333333333333
        ],
        [
            3.0
        ],
        [
            1.6666666666666667
        ],
        [
            1.75
        ],
        [
            1.6666666666666667
        ]
    ],
    "rho_0.1_beta_5e-05": [
        [
            4.2
        ],
        [
            3.0
        ],
        [
            2.6
        ],
        [
            2.5
        ],
        [
            2.3333333333333335
        ]
    ],
    "rho_0.0_beta_0.00015": [
        [
            0.0
        ],
        [
            0.0
        ],
        [
            0.0
        ],
        [
            0.0
        ],
        [
            0.0
        ]
    ],
    "rho_0.0025_beta_0.00015": [
        [
            0.0
        ],
        [
            1.0
        ],
        [
            0.0
        ],
        [
            0.0
        ],
        [
            0.4
        ]
    ],
    "rho_0.005_beta_0.00015": [
        [
            0.4444444444444444
        ],
        [
            0.6
        ],
        [
            0.0
        ],
        [
            0.6666666666666666
        ],
        [
            0.5
        ]
    ],
    "rho_0.0075_beta_0.00015": [
        [
            0.5
        ],
        [
            0.5555555555555556
        ],
        [
            1.3333333333333333
        ],
        [
            0.8
        ],
        [
            0.7
        ]
    ],
    "rho_0.01_beta_0.00015": [
        [
            0.0
        ],
        [
            1.1
        ],
        [
            0.0
        ],
        [
            0.8333333333333334
        ],
        [
            1.1111111111111112
        ]
    ],
    "rho_0.0125_beta_0.00015": [
        [
            1.0
        ],
        [
            1.3
        ],
        [
            1.4
        ],
        [
            1.3333333333333333
        ],
        [
            1.3333333333333333
        ]
    ],
    "rho_0.015_beta_0.00015": [
        [
            1.7777777777777777
        ],
        [
            0.6
        ],
        [
            2.0
        ],
        [
            1.4
        ],
        [
            0.5
        ]
    ],
    "rho_0.0175_beta_0.00015": [
        [
            1.375
        ],
        [
            0.6666666666666666
        ],
        [
            1.4
        ],
        [
            2.0
        ],
        [
            1.3333333333333333
        ]
    ],
    "rho_0.02_beta_0.00015": [
        [
            3.25
        ],
        [
            1.0
        ],
        [
            1.75
        ],
        [
            1.5
        ],
        [
            1.7142857142857142
        ]
    ],
    "rho_0.0225_beta_0.00015": [
        [
            2.0
        ],
        [
            1.6666666666666667
        ],
        [
            1.6666666666666667
        ],
        [
            3.5
        ],
        [
            2.0
        ]
    ],
    "rho_0.025_beta_0.00015": [
        [
            1.6666666666666667
        ],
        [
            3.0
        ],
        [
            1.6666666666666667
        ],
        [
            2.2
        ],
        [
            2.375
        ]
    ],
    "rho_0.0275_beta_0.00015": [
        [
            2.4
        ],
        [
            3.0
        ],
        [
            2.5
        ],
        [
            3.0
        ],
        [
            2.4
        ]
    ],
    "rho_0.03_beta_0.00015": [
        [
            2.6
        ],
        [
            3.142857142857143
        ],
        [
            3.1
        ],
        [
            2.4
        ],
        [
            2.0
        ]
    ],