{
    "rho_0.0_beta_5e-05": [
        [
            0.0
        ],
        [
            0.0
        ],
        [
            0.0
        ],
        [
            0.0
        ],
        [
            0.0
        ]
    ],
    "rho_0.0025_beta_5e-05": [
        [
            0.0
        ],
        [
            0.0
        ],
        [
            0.0
        ],
        [
            0.0
        ],
        [
            0.0
        ]
    ],
    "rho_0.005_beta_5e-05": [
        [
            0.0
        ],
        [
            0.375
        ],
        [
            0.0
        ],
        [
            0.6666666666666666
        ],
        [
            0.0
        ]
    ],
    "rho_0.0075_beta_5e-05": [
        [
            0.5
        ],
        [
            0.42857142857142855
        ],
        [
            0.0
        ],
        [
            0.16666666666666666
        ],
        [
            0.2
        ]
    ],
    "rho_0.01_beta_5e-05": [
        [
            0.0
        ],
        [
            0.25
        ],
        [
            0.0
        ],
        [
            0.125
        ],
        [
            0.4
        ]
    ],
    "rho_0.0125_beta_5e-05": [
        [
            0.6
        ],
        [
            0.0
        ],
        [
            1.0
        ],
        [
            0.0
        ],
        [
            0.0
        ]
    ],
    "rho_0.015_beta_5e-05": [
        [
            0.3333333333333333
        ],
        [
            0.16666666666666666
        ],
        [
            0.3333333333333333
        ],
        [
            0.4444444444444444
        ],
        [
            1.0
        ]
    ],
    "rho_0.0175_beta_5e-05": [
        [
            0.5
        ],
        [
            0.75
        ],
        [
            0.5714285714285714
        ],
        [
            0.2
        ],
        [
            0.3333333333333333
        ]
    ],
    "rho_0.02_beta_5e-05": [
        [
            1.6666666666666667
        ],
        [
            1.0
        ],
        [
            0.6666666666666666
        ],
        [
            0.6
        ],
        [
            0.75
        ]
    ],
    "rho_0.0225_beta_5e-05": [
        [
            0.9
        ],
        [
            1.0
        ],
        [
            0.6
        ],
        [
            0.4
        ],
        [
            1.0
        ]
    ],
    "rho_0.025_beta_5e-05": [
        [
            0.0
        ],
        [
            0.8571428571428571
        ],
        [
            0.8
        ],
        [
            1.0
        ],
        [
            0.8
        ]
    ],
    "rho_0.0275_beta_5e-05": [
        [
            0.6666666666666666
        ],
        [
            1.3
        ],
        [
            0.4
        ],
        [
            0.5555555555555556
        ],
        [
            1.6666666666666667
        ]
    ],
    "rho_0.03_beta_5e-05": [
        [
            1.5
        ],
        [
            0.5
        ],
        [
            0.0
        ],
        [
            0.5
        ],
        [
            0.5
        ]
    ],
    "rho_0.04_beta_5e-05": [
        [
            1.0
        ],
        [
            1.25
        ],
        [
            1.0
        ],
        [
            2.0
        ],
        [
            1.8571428571428572
        ]
    ],
    "rho_0.05_beta_5e-05": [
        [
            0.6666666666666666
        ],
        [
            1.25
        ],
        [
            1.5
        ],
        [
            1.3333333333333333
        ],
        [
            1.0
        ]
    ],
    "rho_0.060000000000000005_beta_5e-05": [
        [
            1.2
        ],
        [
            2.3333333333333335
        ],
        [
            3.0
        ],
        [
            1.0
        ],
        [
            1.8
        ]
    ],
    "rho_0.07_beta_5e-05": [
        [
            1.7
        ],
        [
            0.5
        ],
        [
            2.2
        ],
        [
            3.0
        ],
        [
            1.0
        ]
    ],
    "rho_0.08000000000000002_beta_5e-05": [
        [
            3.6666666666666665
        ],
        [
            1.8
        ],
        [
            2.6
        ],
        [
            3.0
        ],
        [
            3.5714285714285716
        ]
    ],
    "rho_0.09000000000000001_beta_5e-05": [
        [
            1.5
        ],
        [
            4.666666666666667
        ],
        [
            3.0
        ],
        [
            1.8
        ],
        [
            1.8888888888888888
        ]
    ],
    "rho_0.1_beta_5e-05": [
        [
            4.5
        ],
        [
            3.75
        ],
        [
            2.4444444444444446
        ],
        [
            2.0
        ],
        [
            2.5714285714285716
        ]
    ],
    "rho_0.0_beta_0.00015": [
        [
            0.0
        ],
        [
            0.0
        ],
        [
            0.0
        ],
        [
            0.0
        ],
        [
            0.0
        ]
    ],
    "rho_0.0025_beta_0.00015": [
        [
            0.0
        ],
        [
            0.1
        ],
        [
            0.3333333333333333
        ],
        [
            0.25
        ],
        [
            0.0
        ]
    ],
    "rho_0.005_beta_0.00015": [
        [
            0.4
        ],
        [
            0.625
        ],
        [
            1.1666666666666667
        ],
        [
            0.42857142857142855
        ],
        [
            0.6666666666666666
        ]
    ],
    "rho_0.0075_beta_0.00015": [
        [
            0.6
        ],
        [
            3.0
        ],
        [
            0.16666666666666666
        ],
        [
            0.6666666666666666
        ],
        [
            0.3333333333333333
        ]
    ],
    "rho_0.01_beta_0.00015": [
        [
            0.8888888888888888
        ],
        [
            0.42857142857142855
        ],
        [
            1.3333333333333333
        ],
        [
            1.25
        ],
        [
            1.6666666666666667
        ]
    ],
    "rho_0.0125_beta_0.00015": [
        [
            1.25
        ],
        [
            2.0
        ],
        [
            1.2
        ],
        [
            1.2
        ],
        [
            1.25
        ]
    ],
    "rho_0.015_beta_0.00015": [
        [
            1.25
        ],
        [
            1.2
        ],
        [
            0.6666666666666666
        ],
        [
            1.0
        ],
        [
            0.0
        ]
    ],
    "rho_0.0175_beta_0.00015": [
        [
            1.6666666666666667
        ],
        [
            2.0
        ],
        [
            1.4
        ],
        [
            1.2222222222222223
        ],
        [
            0.5
        ]
    ],
    "rho_0.02_beta_0.00015": [
        [
            1.0
        ],
        [
            0.3333333333333333
        ],
        [
            2.0
        ],
        [
            2.3
        ],
        [
            1.7
        ]
    ],
    "rho_0.0225_beta_0.00015": [
        [
            1.0
        ],
        [
            1.0
        ],
        [
            2.0
        ],
        [
            1.3333333333333333
        ],
        [
            1.5714285714285714
        ]
    ],
    "rho_0.025_beta_0.00015": [
        [
            2.6
        ],
        [
            1.2857142857142858
        ],
        [
            3.5
        ],
        [
            1.4285714285714286
        ],
        [
            2.3333333333333335
        ]
    ],
    "rho_0.0275_beta_0.00015": [
        [
            1.7777777777777777
        ],
        [
            1.6666666666666667
        ],
        [
            1.6666666666666667
        ],
        [
            2.4
        ],
        [
            0.0
        ]
    ],