{
    "rho_0.0_beta_5e-05": [
        [
            0.0
        ],
        [
            0.0
        ],
        [
            0.0
        ],
        [
            0.0
        ],
        [
            0.0
        ]
    ],
    "rho_0.0025_beta_5e-05": [
        [
            0.0
        ],
        [
            0.0
        ],
        [
            0.0
        ],
        [
            0.0
        ],
        [
            0.0
        ]
    ],
    "rho_0.005_beta_5e-05": [
        [
            0.0
        ],
        [
            0.0
        ],
        [
            0.0
        ],
        [
            0.3333333333333333
        ],
        [
            0.0
        ]
    ],
    "rho_0.0075_beta_5e-05": [
        [
            0.25
        ],
        [
            0.625
        ],
        [
            0.4
        ],
        [
            0.0
        ],
        [
            0.125
        ]
    ],
    "rho_0.01_beta_5e-05": [
        [
            0.125
        ],
        [
            0.0
        ],
        [
            0.42857142857142855
        ],
        [
            0.5
        ],
        [
            0.3333333333333333
        ]
    ],
    "rho_0.0125_beta_5e-05": [
        [
            0.2
        ],
        [
            0.0
        ],
        [
            0.6666666666666666
        ],
        [
            0.75
        ],
        [
            0.16666666666666666
        ]
    ],
    "rho_0.015_beta_5e-05": [
        [
            0.5
        ],
        [
            0.5
        ],
        [
            0.8571428571428571
        ],
        [
            0.5555555555555556
        ],
        [
            0.0
        ]
    ],
    "rho_0.0175_beta_5e-05": [
        [
            0.5
        ],
        [
            0.7142857142857143
        ],
        [
            0.4
        ],
        [
            0.0
        ],
        [
            0.75
        ]
    ],
    "rho_0.02_beta_5e-05": [
        [
            0.3333333333333333
        ],
        [
            1.0
        ],
        [
            0.0
        ],
        [
            1.0
        ],
        [
            0.5
        ]
    ],
    "rho_0.0225_beta_5e-05": [
        [
            0.8
        ],
        [
            1.1428571428571428
        ],
        [
            1.0
        ],
        [
            0.6
        ],
        [
            1.0
        ]
    ],
    "rho_0.025_beta_5e-05": [
        [
            0.2222222222222222
        ],
        [
            0.4
        ],
        [
            1.5
        ],
        [
            1.6
        ],
        [
            0.75
        ]
    ],
    "rho_0.0275_beta_5e-05": [
        [
            0.9
        ],
        [
            1.5
        ],
        [
            0.875
        ],
        [
            1.3333333333333333
        ],
        [
            1.0
        ]
    ],
    "rho_0.03_beta_5e-05": [
        [
            1.3333333333333333
        ],
        [
            0.5714285714285714
        ],
        [
            1.0
        ],
        [
            2.0
        ],
        [
            0.6666666666666666
        ]
    ],
    "rho_0.04_beta_5e-05": [
        [
            1.25
        ],
        [
            1.5555555555555556
        ],
        [
            0.6666666666666666
        ],
        [
            0.625
        ],
        [
            1.5555555555555556
        ]
    ],
    "rho_0.05_beta_5e-05": [
        [
            0.5
        ],
        [
            1.0
        ],
        [
            1.0
        ],
        [
            1.2
        ],
        [
            1.5
        ]
    ],
    "rho_0.060000000000000005_beta_5e-05": [
        [
            0.0
        ],
        [
            1.0
        ],
        [
            1.0
        ],
        [
            0.5
        ],
        [
            2.0
        ]
    ],
    "rho_0.07_beta_5e-05": [
        [
            0.5
        ],
        [
            1.4
        ],
        [
            3.4
        ],
        [
            2.0
        ],
        [
            1.7777777777777777
        ]
    ],
    "rho_0.08000000000000002_beta_5e-05": [
        [
            1.6
        ],
        [
            2.2222222222222223
        ],
        [
            2.75
        ],
        [
            4.333333333333333
        ],
        [
            1.8
        ]
    ],
    "rho_0.09000000000000001_beta_5e-05": [
        [
            2.4
        ],
        [
            3.75
        ],
        [
            1.6666666666666667
        ],
        [
            4.25
        ],
        [
            4.0
        ]
    ],
    "rho_0.1_beta_5e-05": [
        [
            2.4
        ],
        [
            2.6666666666666665
        ],
        [
            1.75
        ],
        [
            3.75
        ],
        [
            3.0
        ]
    ],
    "rho_0.0_beta_0.00015": [
        [
            0.0
        ],
        [
            0.0
        ],
        [
            0.0
        ],
        [
            0.0
        ],
        [
            0.0
        ]
    ],
    "rho_0.0025_beta_0.00015": [
        [
            0.0
        ],
        [
            0.5
        ],
        [
            0.0
        ],
        [
            0.0
        ],
        [
            0.0
        ]
    ],
    "rho_0.005_beta_0.00015": [
        [
            0.3333333333333333
        ],
        [
            0.0
        ],
        [
            0.5
        ],
        [
            0.3333333333333333
        ],
        [
            0.6666666666666666
        ]
    ],
    "rho_0.0075_beta_0.00015": [
        [
            1.0
        ],
        [
            0.5555555555555556
        ],
        [
            0.0
        ],
        [
            0.2
        ],
        [
            1.0
        ]
    ],
    "rho_0.01_beta_0.00015": [
        [
            2.0
        ],
        [
            0.5
        ],
        [
            0.8571428571428571
        ],
        [
            1.0
        ],
        [
            1.2
        ]
    ],
    "rho_0.0125_beta_0.00015": [
        [
            1.0
        ],
        [
            1.5
        ],
        [
            1.4444444444444444
        ],
        [
            1.75
        ],
        [
            1.0
        ]
    ],
    "rho_0.015_beta_0.00015": [
        [
            1.5
        ],
        [
            0.8888888888888888
        ],
        [
            1.4285714285714286
        ],
        [
            2.375
        ],
        [
            1.4285714285714286
        ]
    ],
    "rho_0.0175_beta_0.00015": [
        [
            2.0
        ],
        [
            1.0
        ],
        [
            1.0
        ],
        [
            1.25
        ],
        [
            1.2
        ]
    ],
    "rho_0.02_beta_0.00015": [
        [
            3.3333333333333335
        ],
        [
            2.2
        ],
        [
            2.0
        ],
        [
            1.3333333333333333
        ],
        [
            0.0
        ]
    ],
    "rho_0.0225_beta_0.00015": [
        [
            2.125
        ],
        [
            3.2
        ],
        [
            3.4285714285714284
        ],
        [
            2.0
        ],
        [
            1.5
        ]
    ],
    "rho_0.025_beta_0.00015": [
        [
            2.25
        ],
        [
            2.25
        ],
        [
            2.0
        ],
        [
            2.8333333333333335
        ],
        [
            2.5
        ]
    ],
    "rho_0.0275_beta_0.00015": [
        [
            1.75
        ],
        [
            1.75
        ],
        [
            1.5714285714285714
        ],
        [
            1.5714285714285714
        ],
        [
            2.3333333333333335
        ]
    ],