{
    "rho_0.01_beta_0.05": [
        [
            1.0,
            1.0
        ],
        [
            3.0,
            2.6666666666666665,
            1.0
        ]
    ],
    "rho_0.005_beta_0.05": [
        [
            1.0,
            2.0,
            1.0
        ],
        [
            8.0,
            5.125,
            3.341463414634146,
            2.2846715328467155,
            1.6517571884984026,
            1.0986460348162477,
            0.9153439153439153,
            0.8423076923076923,
            0.7214611872146118,
            0.4620253164556962,
            0.3424657534246575,
            0.22
        ]
    ]
}