{
    "rho_0.01_beta_0.0001": [
        []
    ],
    "rho_0.02_beta_0.0001": [
        []
    ],
    "rho_0.01_beta_0.001": [
        [
            1.0
        ]
    ],
    "rho_0.02_beta_0.001": [
        [
            5.0,
            2.8,
            1.7142857142857142,
            0.8333333333333334,
            0.55,
            0.45454545454545453
        ]
    ]
}