{
    "rho_0.01_beta_0.0001": [
        []
    ],
    "rho_0.02_beta_0.0001": [
        []
    ],
    "rho_0.01_beta_0.0005": [
        [
            3.0,
            1.3333333333333333,
            1.75,
            1.8571428571428572,
            0.6923076923076923,
            0.8888888888888888,
            0.25
        ]
    ],
    "rho_0.02_beta_0.0005": [
        [
            3.0,
            2.6666666666666665,
            2.625,
            1.7619047619047619,
            1.2702702702702702,
            1.0212765957446808,
            0.8333333333333334,
            0.6,
            0.5416666666666666,
            0.6153846153846154,
            0.75,
            0.16666666666666666
        ]
    ]
}