{
    "rho_0.0_beta_0.0001": [
        0.0,
        0.0,
        0.0,
        0.0,
        0.0
    ],
    "rho_0.0025_beta_0.0001": [
        0.1111111111111111,
        0.3333333333333333,
        0.125,
        0.14285714285714285,
        0.0
    ],
    "rho_0.005_beta_0.0001": [
        0.1,
        0.0,
        0.0,
        0.6666666666666666,
        0.3333333333333333
    ],
    "rho_0.0075_beta_0.0001": [
        0.0,
        0.5,
        0.2,
        0.25,
        0.1
    ],
    "rho_0.01_beta_0.0001": [
        0.125,
        1.0,
        0.875,
        0.2857142857142857,
        1.0
    ],
    "rho_0.0125_beta_0.0001": [
        0.5,
        0.0,
        0.7777777777777778,
        0.4,
        0.5
    ],
    "rho_0.015_beta_0.0001": [
        0.4444444444444444,
        0.0,
        1.0,
        1.2222222222222223,
        0.4
    ],
    "rho_0.0175_beta_0.0001": [
        1.0,
        0.7777777777777778,
        0.6666666666666666,
        1.3333333333333333,
        1.0
    ],
    "rho_0.02_beta_0.0001": [
        0.5,
        1.0,
        1.0,
        0.9,
        1.0
    ],
    "rho_0.0225_beta_0.0001": [
        1.2,
        0.625,
        0.5,
        1.0,
        0.6666666666666666
    ],
    "rho_0.025_beta_0.0001": [
        1.0,
        1.1428571428571428,
        0.2,
        0.875,
        0.8333333333333334
    ],
    "rho_0.0275_beta_0.0001": [
        1.6666666666666667,
        0.5,
        0.7777777777777778,
        1.0,
        2.0
    ],
    "rho_0.03_beta_0.0001": [
        1.5,
        1.1,
        1.0,
        1.4,
        1.1666666666666667
    ],
    "rho_0.04_beta_0.0001": [
        2.0,
        1.0,
        0.8571428571428571,
        0.8333333333333334,
        2.111111111111111
    ],
    "rho_0.05_beta_0.0001": [
        1.1,
        2.6,
        2.6666666666666665,
        2.25,
        1.25
    ],
    "rho_0.060000000000000005_beta_0.0001": [
        2.5,
        2.0,
        3.1666666666666665,
        2.4,
        2.5
    ],
    "rho_0.07_beta_0.0001": [
        2.3333333333333335,
        1.75,
        0.0,
        1.8888888888888888,
        2.0
    ],
    "rho_0.08000000000000002_beta_0.0001": [
        2.375,
        3.142857142857143,
        3.0,
        3.3333333333333335,
        2.2
    ],
    "rho_0.09000000000000001_beta_0.0001": [
        2.625,
        3.0,
        6.0,
        3.857142857142857,
        5.0
    ],
    "rho_0.1_beta_0.0001": [
        4.0,
        2.0,
        3.5,
        4.6,
        3.375
    ],
    "rho_0.0_beta_0.001": [
        0.0,
        0.0,
        0.0,
        0.0,
        0.0
    ],
    "rho_0.0025_beta_0.001": [
        0.6666666666666666,
        0.625,
        2.0,
        0.9,
        0.3333333333333333
    ],
    "rho_0.005_beta_0.001": [
        1.2222222222222223,
        2.5,
        2.6666666666666665,
        1.25,
        1.0
    ],
    "rho_0.0075_beta_0.001": [
        2.6,
        2.625,
        1.6666666666666667,
        3.3333333333333335,
        2.0
    ],
    "rho_0.01_beta_0.001": [
        2.888888888888889,
        3.25,
        3.0,
        3.4444444444444446,
        3.25
    ],
    "rho_0.0125_beta_0.001": [
        6.5,
        6.666666666666667,
        2.0,
        4.111111111111111,
        3.5714285714285716
    ],
    "rho_0.015_beta_0.001": [
        4.714285714285714,
        2.6666666666666665,
        4.2,
        4.333333333333333,
        5.25
    ],
    "rho_0.0175_beta_0.001": [
        5.1,
        5.666666666666667,
        4.5,
        5.333333333333333,
        5.5
    ],
    "rho_0.02_beta_0.001": [
        7.0,
        5.4,
        9.333333333333334,
        7.857142857142857,
        7.7
    ],
    "rho_0.0225_beta_0.001": [
        6.428571428571429,
        7.166666666666667,
        8.88888888888889,
        8.1,
        5.888888888888889
    ],
    "rho_0.025_beta_0.001": [
        10.75,
        7.1,
        9.142857142857142,
        7.2,
        7.714285714285714
    ],
    "rho_0.0275_beta_0.001": [
        8.625,
        9.75,
        7.75,
        7.714285714285714,
        7.8
    ],
    "rho_0.03_beta_0.001": [
        9.857142857142858,
        15.333333333333334,
        10.875,
        3.0,
        9.0
    ],
    "rho_0.04_beta_0.001": [
        14.11111111111111,
        24.0,
        24.0,
        13.75,
        17.0
    ],
    "rho_0.05_beta_0.001": [
        16.333333333333332,
        16.9,
        16.0,
        14.0,
        22.166666666666668
    ],
    "rho_0.060000000000000005_beta_0.001": [
        25.8,
        16.666666666666668,
        18.0,
        24.0,
        17.0
    ],
    "rho_0.07_beta_0.001": [
        25.25,
        18.875,
        21.0,
        23.75,
        7.0
    ],
    "rho_0.08000000000000002_beta_0.001": [
        25.333333333333332,
        18.5,
        24.22222222222222,
        22.0,
        36.0
    ],
    "rho_0.09000000000000001_beta_0.001": [
        15.333333333333334,
        34.2,
        31.4,
        25.333333333333332,
        29.6
    ],
    "rho_0.1_beta_0.001": [
        37.25,
        41.0,
        32.0,
        34.333333333333336,
        32.25
    ]
}