{
    "250": [
        [
            2.0
        ],
        [],
        [
            2.0
        ],
        [],
        []
    ],
    "500": [
        [
            3.0,
            1.6666666666666667,
            0.4,
            1.5,
            1.6666666666666667,
            1.6,
            0.875,
            1.2857142857142858,
            1.3333333333333333,
            1.0833333333333333,
            1.4615384615384615,
            1.4210526315789473,
            1.0,
            1.1481481481481481,
            1.064516129032258,
            1.3636363636363635,
            1.0666666666666667,
            1.25,
            1.11864406779661,
            1.0606060606060606,
            1.0142857142857142,
            1.1971830985915493,
            0.8588235294117647,
            0.8904109589041096,
            0.9076923076923077,
            0.7457627118644068,
            0.8181818181818182,
            0.6666666666666666,
            0.9166666666666666,
            0.4090909090909091,
            1.0,
            0.7777777777777778,
            0.8571428571428571,
            1.3333333333333333,
            1.0,
            1.0,
            0.375
        ],
        [
            3.0,
            1.3333333333333333,
            2.5,
            1.0,
            1.3,
            0.8461538461538461,
            1.4545454545454546,
            1.0625,
            1.1764705882352942,
            1.3,
            0.8461538461538461,
            1.0,
            1.0909090909090908,
            0.7083333333333334,
            1.3529411764705883,
            0.7391304347826086,
            0.7647058823529411,
            0.46153846153846156,
            0.8333333333333334,
            0.4,
            0.5
        ],
        [],
        [
            4.0,
            0.75,
            0.6666666666666666,
            2.0,
            2.5,
            1.1,
            1.1818181818181819,
            1.2307692307692308,
            1.1875,
            0.8421052631578947,
            1.0625,
            0.7647058823529411,
            1.1538461538461537,
            1.2666666666666666,
            1.263157894736842,
            0.4583333333333333,
            1.4545454545454546,
            1.4375,
            1.0434782608695652,
            0.875,
            1.1904761904761905,
            1.04,
            1.5,
            1.205128205128205,
            1.0638297872340425,
            0.88,
            1.1363636363636365,
            0.84,
            0.9047619047619048,
            0.8947368421052632,
            0.8823529411764706,
            1.0333333333333334,
            0.8064516129032258,
            0.96,
            0.7083333333333334,
            0.7058823529411765,
            1.0833333333333333,
            0.7692307692307693,
            0.4,
            0.75,
            0.6666666666666666,
            0.5,
            1.0
        ],
        [
            1.0,
            2.0,
            0.5,
            2.0
        ]
    ],
    "750": [
        [
            2.0,
            2.0,
            0.75,
            1.0,
            0.6666666666666666,
            0.5,
            2.0,
            2.0,
            1.25,
            2.2,
            2.0,
            1.7727272727272727,
            1.3333333333333333,
            1.6153846153846154,
            1.3928571428571428,
            1.2820512820512822,
            1.32,
            1.2121212121212122,
            1.2458333333333333,
            1.174496644295302,
            1.0257142857142858,
            0.9610027855153204,
            0.8898550724637682,
            0.8045602605863192,
            0.757085020242915,
            0.8074866310160428,
            0.7880794701986755,
            0.6386554621848739,
            0.631578947368421,
            0.75,
            0.5277777777777778,
            0.8947368421052632,
            0.8823529411764706,
            0.8666666666666667,
            0.6153846153846154,
            0.25,
            0.5
        ],
        [
            2.0,
            1.5,
            0.6666666666666666,
            1.5,
            2.6666666666666665,
            2.0,
            1.6875,
            2.2222222222222223,
            1.45,
            1.6091954022988506,
            1.2571428571428571,
            1.4034090909090908,
            1.242914979757085,
            1.0977198697068404,
            1.1543026706231454,
            1.0231958762886597,
            0.914572864321608,
            0.8076923076923077,
            0.7346938775510204,
            0.6620370370370371,
            0.7202797202797203,
            0.6407766990291263,
            0.5606060606060606,
            0.4864864864864865,
            0.6666666666666666,
            0.75,
            0.3333333333333333,
            0.3333333333333333,
            1.0
        ],
        [
            2.0,
            1.5,
            2.6666666666666665,
            1.5,
            1.9166666666666667,
            1.565217391304348,
            1.75,
            1.380952380952381,
            1.5747126436781609,
            1.4963503649635037,
            1.351219512195122,
            1.2418772563176896,
            1.0959302325581395,
            1.0026525198938991,
            0.9761904761904762,
            0.8997289972899729,
            0.8253012048192772,
            0.656934306569343,
            0.6944444444444444,
            0.592,
            0.6351351351351351,
            0.6382978723404256,
            0.5,
            0.5333333333333333,
            0.75,
            0.8333333333333334,
            0.4,
            1.0,
            0.5
        ],
        [
            8.0,
            1.5,
            1.75,
            1.5714285714285714,
            1.4545454545454546,
            1.8333333333333333,
            1.5909090909090908,
            1.5214285714285714,
            1.267605633802817,
            1.271375464684015,
            1.0784883720930232,
            0.9892183288409704,
            0.9287671232876712,
            0.8970588235294118,
            0.8032786885245902,
            0.7673469387755102,
            0.723404255319149,
            0.6397058823529411,
            0.6436781609195402,
            0.7321428571428571,
            0.8048780487804879,
            0.42424242424242425,
            0.2857142857142857,
            1.0,
            0.75
        ],
        [
            2.0,
            2.0,
            1.75,
            1.7142857142857142,
            1.6666666666666667,
            1.6,
            1.34375,
            1.3953488372093024,
            1.4166666666666667,
            1.5176470588235293,
            1.4031007751937985,
            1.4751381215469612,
            1.146067415730337,
            1.062295081967213,
            1.0523076923076924,
            1.0555555555555556,
            0.9501385041551247,
            0.8513119533527697,
            0.8595890410958904,
            0.7410358565737052,
            0.6827956989247311,
            0.6456692913385826,
            0.6951219512195121,
            0.631578947368421,
            0.4166666666666667,
            0.6,
            0.3333333333333333
        ]
    ],