{
    "250": [
        [
            1.0
        ],
        [
            1.0,
            1.0,
            1.0
        ],
        [
            1.0,
            1.0,
            1.0
        ],
        [],
        []
    ],
    "500": [
        [
            1.0,
            1.0,
            1.0,
            2.0,
            1.5,
            0.3333333333333333,
            1.0
        ],
        [
            1.0,
            1.0,
            1.0
        ],
        [
            2.0,
            1.5,
            0.6666666666666666,
            1.5,
            2.0,
            1.1666666666666667,
            1.8571428571428572,
            1.1538461538461537,
            1.1333333333333333,
            1.411764705882353,
            2.0,
            0.9166666666666666,
            1.1162790697674418,
            1.2352941176470589,
            1.253968253968254,
            0.8860759493670886,
            1.2571428571428571,
            0.9090909090909091,
            0.7375,
            0.8983050847457628,
            1.0566037735849056,
            0.7678571428571429,
            0.7906976744186046,
            0.6176470588235294,
            0.9523809523809523,
            0.65,
            0.6923076923076923,
            0.7777777777777778,
            0.42857142857142855,
            1.3333333333333333,
            0.5,
            1.0
        ],
        [
            1.0,
            3.0,
            1.0,
            0.3333333333333333,
            3.0,
            1.3333333333333333,
            0.75,
            1.6666666666666667,
            0.8,
            1.0,
            1.75,
            0.8571428571428571,
            0.8333333333333334,
            0.6,
            2.0,
            1.0,
            1.3333333333333333,
            2.125,
            1.4705882352941178,
            0.96,
            1.125,
            1.5555555555555556,
            1.0476190476190477,
            0.9090909090909091,
            1.175,
            1.127659574468085,
            0.6226415094339622,
            1.121212121212121,
            1.0810810810810811,
            0.925,
            0.7297297297297297,
            1.1851851851851851,
            0.875,
            0.9285714285714286,
            0.8076923076923077,
            0.7142857142857143,
            0.9333333333333333,
            1.4285714285714286,
            0.75,
            0.7333333333333333,
            0.45454545454545453,
            0.2
        ],
        [
            1.0
        ]
    ],
    "750": [
        [
            2.0,
            0.5,
            4.0,
            1.5,
            1.3333333333333333,
            2.0,
            1.875,
            1.5666666666666667,
            1.8085106382978724,
            1.423529411764706,
            1.3583333333333334,
            1.4969325153374233,
            1.209016393442623,
            1.2244897959183674,
            1.1305555555555555,
            0.9754299754299754,
            0.9217171717171717,
            0.8688524590163934,
            0.7735849056603774,
            0.7317073170731707,
            0.6888888888888889,
            0.532258064516129,
            0.7272727272727273,
            0.6666666666666666,
            0.25,
            0.875,
            0.7142857142857143,
            0.2
        ],
        [
            2.0,
            2.0,
            1.5,
            1.6666666666666667,
            1.6,
            1.8125,
            1.5172413793103448,
            1.3636363636363635,
            1.4166666666666667,
            1.5529411764705883,
            1.4621212121212122,
            1.2901554404145077,
            1.1927710843373494,
            1.1919191919191918,
            1.0310734463276836,
            0.9452054794520548,
            0.8521739130434782,
            0.8197278911564626,
            0.8008298755186722,
            0.7927461139896373,
            0.6535947712418301,
            0.64,
            0.8125,
            0.4807692307692308,
            0.8,
            0.55,
            0.7272727272727273,
            0.75,
            0.8333333333333334,
            1.0,
            0.6,
            0.3333333333333333,
            2.0,
            1.0,
            1.0
        ],
        [
            5.0,
            2.8,
            1.7142857142857142,
            1.5833333333333333,
            1.4210526315789473,
            1.7407407407407407,
            1.553191489361702,
            1.417808219178082,
            1.3091787439613527,
            1.2250922509225093,
            1.1144578313253013,
            1.045945945945946,
            0.9352331606217616,
            0.8781163434903048,
            0.7697160883280757,
            0.7622950819672131,
            0.7849462365591398,
            0.7465753424657534,
            0.6605504587155964,
            0.5694444444444444,
            0.7804878048780488,
            0.59375,
            0.5263157894736842,
            0.6,
            1.0,
            0.6666666666666666,
            0.5,
            0.5,
            1.0,
            1.0,
            4.0,
            1.0,
            2.25,
            1.2222222222222223,
            0.36363636363636365,
            0.25,
            2.0,
            1.5,
            0.3333333333333333,
            1.0,
            1.0
        ],
        [
            3.0,
            2.3333333333333335,
            2.142857142857143,
            1.3333333333333333,
            1.85,
            1.3513513513513513,
            1.66,
            1.4337349397590362,
            1.3529411764705883,
            1.2484472049689441,
            1.263681592039801,
            1.0905511811023623,
            1.1299638989169676,
            0.9488817891373802,
            0.9393939393939394,
            0.978494623655914,
            0.9010989010989011,
            0.8861788617886179,
            0.8394495412844036,
            0.73224043715847,
            0.6791044776119403,
            0.7252747252747253,
            0.8484848484848485,
            0.8571428571428571,
            0.4166666666666667,
            0.6,
            0.5833333333333334,
            0.5714285714285714,
            0.5,
            0.5
        ],
        [
            2.0,
            1.5,
            0.3333333333333333,
            3.0,
            2.0,
            2.0,
            1.4166666666666667,
            1.6470588235294117,
            1.6785714285714286,
            1.8085106382978724,
            1.7411764705882353,
            1.3581081081081081,
            1.2537313432835822,
            1.2301587301587302,
            1.0838709677419356,
            1.0922619047619047,
            1.0381471389645776,
            0.8241469816272966,
            0.8089171974522293,
            0.7913385826771654,
            0.7512437810945274,
            0.7814569536423841,
            0.6949152542372882,
            0.573170731707317,
            0.5531914893617021,
            0.4230769230769231,
            0.8181818181818182,
            1.1111111111111112,
            0.3
        ]
    ],