{
    "rho_0.0_beta_5e-05": [
        [
            0.0
        ],
        [
            0.0
        ],
        [
            0.0
        ],
        [
            0.0
        ],
        [
            0.0
        ]
    ],
    "rho_0.0025_beta_5e-05": [
        [
            0.0
        ],
        [
            0.3333333333333333
        ],
        [
            0.5
        ],
        [
            0.14285714285714285
        ],
        [
            0.14285714285714285
        ]
    ],
    "rho_0.005_beta_5e-05": [
        [
            0.0
        ],
        [
            0.125
        ],
        [
            0.3
        ],
        [
            0.0
        ],
        [
            0.0
        ]
    ],
    "rho_0.0075_beta_5e-05": [
        [
            0.8
        ],
        [
            0.375
        ],
        [
            0.0
        ],
        [
            0.16666666666666666
        ],
        [
            0.0
        ]
    ],
    "rho_0.01_beta_5e-05": [
        [
            0.3
        ],
        [
            0.4444444444444444
        ],
        [
            0.6
        ],
        [
            0.0
        ],
        [
            0.1111111111111111
        ]
    ],
    "rho_0.0125_beta_5e-05": [
        [
            1.0
        ],
        [
            0.0
        ],
        [
            0.0
        ],
        [
            0.125
        ],
        [
            0.14285714285714285
        ]
    ],
    "rho_0.015_beta_5e-05": [
        [
            0.2
        ],
        [
            0.7777777777777778
        ],
        [
            0.5
        ],
        [
            0.75
        ],
        [
            1.0
        ]
    ],
    "rho_0.0175_beta_5e-05": [
        [
            0.42857142857142855
        ],
        [
            0.4
        ],
        [
            0.0
        ],
        [
            0.8333333333333334
        ],
        [
            1.0
        ]
    ],
    "rho_0.02_beta_5e-05": [
        [
            1.3333333333333333
        ],
        [
            0.2
        ],
        [
            0.5714285714285714
        ],
        [
            0.875
        ],
        [
            0.8888888888888888
        ]
    ],
    "rho_0.0225_beta_5e-05": [
        [
            0.0
        ],
        [
            0.0
        ],
        [
            0.5555555555555556
        ],
        [
            0.0
        ],
        [
            0.8333333333333334
        ]
    ],
    "rho_0.025_beta_5e-05": [
        [
            0.7777777777777778
        ],
        [
            0.75
        ],
        [
            1.125
        ],
        [
            0.4
        ],
        [
            0.6666666666666666
        ]
    ],
    "rho_0.0275_beta_5e-05": [
        [
            1.3333333333333333
        ],
        [
            0.9
        ],
        [
            0.6
        ],
        [
            1.1111111111111112
        ],
        [
            0.5
        ]
    ],
    "rho_0.03_beta_5e-05": [
        [
            0.6
        ],
        [
            1.0
        ],
        [
            0.6
        ],
        [
            1.0
        ],
        [
            1.1666666666666667
        ]
    ],
    "rho_0.04_beta_5e-05": [
        [
            1.5
        ],
        [
            1.3
        ],
        [
            0.3333333333333333
        ],
        [
            1.6
        ],
        [
            1.25
        ]
    ],
    "rho_0.05_beta_5e-05": [
        [
            1.4285714285714286
        ],
        [
            2.0
        ],
        [
            0.3333333333333333
        ],
        [
            1.0
        ],
        [
            0.0
        ]
    ],
    "rho_0.060000000000000005_beta_5e-05": [
        [
            1.8
        ],
        [
            2.142857142857143
        ],
        [
            1.0
        ],
        [
            2.5
        ],
        [
            1.8333333333333333
        ]
    ],
    "rho_0.07_beta_5e-05": [
        [
            2.5
        ],
        [
            4.0
        ],
        [
            1.75
        ],
        [
            2.75
        ],
        [
            1.0
        ]
    ],
    "rho_0.08000000000000002_beta_5e-05": [
        [
            1.6
        ],
        [
            2.5
        ],
        [
            3.25
        ],
        [
            2.5
        ],
        [
            2.0
        ]
    ],
    "rho_0.09000000000000001_beta_5e-05": [
        [
            2.0
        ],
        [
            2.7777777777777777
        ],
        [
            2.4
        ],
        [
            3.111111111111111
        ],
        [
            2.375
        ]
    ],
    "rho_0.1_beta_5e-05": [
        [
            3.2
        ],
        [
            1.2857142857142858
        ],
        [
            2.6666666666666665
        ],
        [
            3.125
        ],
        [
            3.0
        ]
    ],
    "rho_0.0_beta_0.00015": [
        [
            0.0
        ],
        [
            0.0
        ],
        [
            0.0
        ],
        [
            0.0
        ],
        [
            0.0
        ]
    ],
    "rho_0.0025_beta_0.00015": [
        [
            0.4
        ],
        [
            0.14285714285714285
        ],
        [
            0.5
        ],
        [
            0.25
        ],
        [
            0.25
        ]
    ],
    "rho_0.005_beta_0.00015": [
        [
            0.6666666666666666
        ],
        [
            0.6666666666666666
        ],
        [
            0.0
        ],
        [
            0.0
        ],
        [
            0.9
        ]
    ],
    "rho_0.0075_beta_0.00015": [
        [
            0.7
        ],
        [
            0.42857142857142855
        ],
        [
            1.2
        ],
        [
            0.6
        ],
        [
            0.6666666666666666
        ]
    ],
    "rho_0.01_beta_0.00015": [
        [
            0.9
        ],
        [
            0.42857142857142855
        ],
        [
            0.6
        ],
        [
            0.4
        ],
        [
            0.75
        ]
    ],
    "rho_0.0125_beta_0.00015": [
        [
            0.5
        ],
        [
            1.0
        ],
        [
            0.5
        ],
        [
            1.0
        ],
        [
            1.2
        ]
    ],
    "rho_0.015_beta_0.00015": [
        [
            0.8571428571428571
        ],
        [
            1.5
        ],
        [
            0.75
        ],
        [
            1.0
        ],
        [
            1.1
        ]
    ],
    "rho_0.0175_beta_0.00015": [
        [
            2.4
        ],
        [
            1.75
        ],
        [
            2.3333333333333335
        ],
        [
            1.3333333333333333
        ],
        [
            2.0
        ]
    ],
    "rho_0.02_beta_0.00015": [
        [
            1.6666666666666667
        ],
        [
            1.5
        ],
        [
            2.25
        ],
        [
            2.2222222222222223
        ],
        [
            2.0
        ]
    ],
    "rho_0.0225_beta_0.00015": [
        [
            1.6666666666666667
        ],
        [
            2.0
        ],
        [
            2.4285714285714284
        ],
        [
            2.0
        ],
        [
            2.4
        ]
    ],
    "rho_0.025_beta_0.00015": [
        [
            2.5
        ],
        [
            3.0
        ],
        [
            3.0
        ],
        [
            1.6666666666666667
        ],
        [
            1.7142857142857142
        ]
    ],
    "rho_0.0275_beta_0.00015": [
        [
            2.0
        ],
        [
            3.0
        ],
        [
            1.3333333333333333
        ],
        [
            1.6666666666666667
        ],
        [
            2.625
        ]
    ],