{
    "rho_0.0_beta_5e-05": [
        [
            0.0
        ],
        [
            0.0
        ],
        [
            0.0
        ],
        [
            0.0
        ],
        [
            0.0
        ]
    ],
    "rho_0.0025_beta_5e-05": [
        [
            0.0
        ],
        [
            0.0
        ],
        [
            0.0
        ],
        [
            0.0
        ],
        [
            0.0
        ]
    ],
    "rho_0.005_beta_5e-05": [
        [
            0.0
        ],
        [
            0.25
        ],
        [
            0.0
        ],
        [
            0.0
        ],
        [
            0.25
        ]
    ],
    "rho_0.0075_beta_5e-05": [
        [
            0.0
        ],
        [
            0.6666666666666666
        ],
        [
            0.125
        ],
        [
            0.42857142857142855
        ],
        [
            0.0
        ]
    ],
    "rho_0.01_beta_5e-05": [
        [
            0.0
        ],
        [
            0.16666666666666666
        ],
        [
            0.5
        ],
        [
            0.0
        ],
        [
            0.16666666666666666
        ]
    ],
    "rho_0.0125_beta_5e-05": [
        [
            1.0
        ],
        [
            0.2
        ],
        [
            0.0
        ],
        [
            0.25
        ],
        [
            0.7777777777777778
        ]
    ],
    "rho_0.015_beta_5e-05": [
        [
            0.5
        ],
        [
            0.4
        ],
        [
            0.875
        ],
        [
            1.0
        ],
        [
            0.0
        ]
    ],
    "rho_0.0175_beta_5e-05": [
        [
            0.5714285714285714
        ],
        [
            0.3333333333333333
        ],
        [
            0.8
        ],
        [
            0.0
        ],
        [
            0.16666666666666666
        ]
    ],
    "rho_0.02_beta_5e-05": [
        [
            0.6666666666666666
        ],
        [
            0.14285714285714285
        ],
        [
            0.5
        ],
        [
            0.375
        ],
        [
            0.0
        ]
    ],
    "rho_0.0225_beta_5e-05": [
        [
            1.6666666666666667
        ],
        [
            1.0
        ],
        [
            0.0
        ],
        [
            1.0
        ],
        [
            2.0
        ]
    ],
    "rho_0.025_beta_5e-05": [
        [
            0.0
        ],
        [
            0.8888888888888888
        ],
        [
            0.4
        ],
        [
            1.0
        ],
        [
            1.0
        ]
    ],
    "rho_0.0275_beta_5e-05": [
        [
            0.6
        ],
        [
            0.6
        ],
        [
            1.0
        ],
        [
            0.4
        ],
        [
            0.8
        ]
    ],
    "rho_0.03_beta_5e-05": [
        [
            0.625
        ],
        [
            0.0
        ],
        [
            0.2
        ],
        [
            1.25
        ],
        [
            0.0
        ]
    ],
    "rho_0.04_beta_5e-05": [
        [
            1.0
        ],
        [
            0.75
        ],
        [
            2.0
        ],
        [
            1.25
        ],
        [
            1.1428571428571428
        ]
    ],
    "rho_0.05_beta_5e-05": [
        [
            1.5714285714285714
        ],
        [
            2.1666666666666665
        ],
        [
            0.5
        ],
        [
            1.5
        ],
        [
            3.0
        ]
    ],
    "rho_0.060000000000000005_beta_5e-05": [
        [
            1.4285714285714286
        ],
        [
            2.0
        ],
        [
            3.0
        ],
        [
            2.6666666666666665
        ],
        [
            1.8
        ]
    ],
    "rho_0.07_beta_5e-05": [
        [
            2.5714285714285716
        ],
        [
            3.5
        ],
        [
            1.0
        ],
        [
            1.0
        ],
        [
            1.2857142857142858
        ]
    ],
    "rho_0.08000000000000002_beta_5e-05": [
        [
            5.0
        ],
        [
            3.142857142857143
        ],
        [
            3.3333333333333335
        ],
        [
            2.7
        ],
        [
            2.0
        ]
    ],
    "rho_0.09000000000000001_beta_5e-05": [
        [
            2.0
        ],
        [
            2.0
        ],
        [
            4.0
        ],
        [
            3.5
        ],
        [
            4.0
        ]
    ],
    "rho_0.1_beta_5e-05": [
        [
            2.375
        ],
        [
            4.0
        ],
        [
            3.1666666666666665
        ],
        [
            3.6
        ],
        [
            3.2857142857142856
        ]
    ],
    "rho_0.0_beta_0.00015": [
        [
            0.0
        ],
        [
            0.0
        ],
        [
            0.0
        ],
        [
            0.0
        ],
        [
            0.0
        ]
    ],
    "rho_0.0025_beta_0.00015": [
        [
            0.25
        ],
        [
            0.1
        ],
        [
            0.4
        ],
        [
            0.16666666666666666
        ],
        [
            0.42857142857142855
        ]
    ],
    "rho_0.005_beta_0.00015": [
        [
            0.3333333333333333
        ],
        [
            0.4444444444444444
        ],
        [
            0.5555555555555556
        ],
        [
            0.75
        ],
        [
            0.3
        ]
    ],
    "rho_0.0075_beta_0.00015": [
        [
            0.42857142857142855
        ],
        [
            0.9
        ],
        [
            1.0
        ],
        [
            0.0
        ],
        [
            0.75
        ]
    ],
    "rho_0.01_beta_0.00015": [
        [
            0.0
        ],
        [
            0.625
        ],
        [
            0.6666666666666666
        ],
        [
            1.0
        ],
        [
            0.75
        ]
    ],
    "rho_0.0125_beta_0.00015": [
        [
            1.0
        ],
        [
            1.1666666666666667
        ],
        [
            1.0
        ],
        [
            0.4
        ],
        [
            1.125
        ]
    ],
    "rho_0.015_beta_0.00015": [
        [
            0.5
        ],
        [
            0.8
        ],
        [
            1.0
        ],
        [
            1.0
        ],
        [
            1.0
        ]
    ],
    "rho_0.0175_beta_0.00015": [
        [
            1.5
        ],
        [
            2.111111111111111
        ],
        [
            1.5
        ],
        [
            0.0
        ],
        [
            2.0
        ]
    ],
    "rho_0.02_beta_0.00015": [
        [
            2.25
        ],
        [
            3.6666666666666665
        ],
        [
            1.25
        ],
        [
            2.1
        ],
        [
            1.0
        ]
    ],
    "rho_0.0225_beta_0.00015": [
        [
            2.0
        ],
        [
            1.0
        ],
        [
            2.5555555555555554
        ],
        [
            1.0
        ],
        [
            1.625
        ]
    ],
    "rho_0.025_beta_0.00015": [
        [
            1.875
        ],
        [
            2.4
        ],
        [
            2.142857142857143
        ],
        [
            1.4
        ],
        [
            2.3333333333333335
        ]
    ],
    "rho_0.0275_beta_0.00015": [
        [
            2.25
        ],
        [
            2.5
        ],
        [
            1.8
        ],
        [
            1.5
        ],
        [
            1.1666666666666667
        ]
    ],
    "rho_0.03_beta_0.00015": [
        [
            3.6
        ],
        [
            3.0
        ],
        [
            2.4
        ],
        [
            4.0
        ],
        [
            1.3333333333333333
        ]
    ],