{
    "rho_0.0_beta_5e-05": [
        [
            0.0
        ],
        [
            0.0
        ],
        [
            0.0
        ],
        [
            0.0
        ],
        [
            0.0
        ]
    ],
    "rho_0.0025_beta_5e-05": [
        [
            0.0
        ],
        [
            0.0
        ],
        [
            0.0
        ],
        [
            0.1
        ],
        [
            0.0
        ]
    ],
    "rho_0.005_beta_5e-05": [
        [
            0.0
        ],
        [
            0.16666666666666666
        ],
        [
            0.0
        ],
        [
            0.0
        ],
        [
            0.3333333333333333
        ]
    ],
    "rho_0.0075_beta_5e-05": [
        [
            0.125
        ],
        [
            0.375
        ],
        [
            0.25
        ],
        [
            0.14285714285714285
        ],
        [
            0.0
        ]
    ],
    "rho_0.01_beta_5e-05": [
        [
            0.2
        ],
        [
            0.0
        ],
        [
            0.42857142857142855
        ],
        [
            0.2
        ],
        [
            0.0
        ]
    ],
    "rho_0.0125_beta_5e-05": [
        [
            0.5
        ],
        [
            0.0
        ],
        [
            0.5
        ],
        [
            0.125
        ],
        [
            0.3333333333333333
        ]
    ],
    "rho_0.015_beta_5e-05": [
        [
            0.3
        ],
        [
            0.14285714285714285
        ],
        [
            0.6666666666666666
        ],
        [
            1.0
        ],
        [
            0.8
        ]
    ],
    "rho_0.0175_beta_5e-05": [
        [
            0.5
        ],
        [
            0.16666666666666666
        ],
        [
            0.6666666666666666
        ],
        [
            0.9
        ],
        [
            0.8333333333333334
        ]
    ],
    "rho_0.02_beta_5e-05": [
        [
            0.2222222222222222
        ],
        [
            0.25
        ],
        [
            0.5714285714285714
        ],
        [
            1.0
        ],
        [
            0.5
        ]
    ],
    "rho_0.0225_beta_5e-05": [
        [
            0.0
        ],
        [
            0.7
        ],
        [
            0.75
        ],
        [
            0.2857142857142857
        ],
        [
            0.6666666666666666
        ]
    ],
    "rho_0.025_beta_5e-05": [
        [
            0.9
        ],
        [
            0.6
        ],
        [
            0.5
        ],
        [
            0.7777777777777778
        ],
        [
            0.875
        ]
    ],
    "rho_0.0275_beta_5e-05": [
        [
            0.7777777777777778
        ],
        [
            0.7777777777777778
        ],
        [
            0.7
        ],
        [
            0.5
        ],
        [
            1.0
        ]
    ],
    "rho_0.03_beta_5e-05": [
        [
            1.2
        ],
        [
            0.375
        ],
        [
            1.0
        ],
        [
            0.0
        ],
        [
            1.2222222222222223
        ]
    ],
    "rho_0.04_beta_5e-05": [
        [
            0.75
        ],
        [
            2.25
        ],
        [
            0.5
        ],
        [
            0.5
        ],
        [
            0.8888888888888888
        ]
    ],
    "rho_0.05_beta_5e-05": [
        [
            1.5
        ],
        [
            0.8333333333333334
        ],
        [
            0.6666666666666666
        ],
        [
            1.4
        ],
        [
            1.3333333333333333
        ]
    ],
    "rho_0.060000000000000005_beta_5e-05": [
        [
            1.0
        ],
        [
            2.3333333333333335
        ],
        [
            1.0
        ],
        [
            3.25
        ],
        [
            2.0
        ]
    ],
    "rho_0.07_beta_5e-05": [
        [
            2.25
        ],
        [
            2.5
        ],
        [
            0.25
        ],
        [
            1.7
        ],
        [
            1.8888888888888888
        ]
    ],
    "rho_0.08000000000000002_beta_5e-05": [
        [
            2.4285714285714284
        ],
        [
            1.3333333333333333
        ],
        [
            1.7777777777777777
        ],
        [
            1.5
        ],
        [
            2.1666666666666665
        ]
    ],
    "rho_0.09000000000000001_beta_5e-05": [
        [
            3.6
        ],
        [
            2.5
        ],
        [
            3.4444444444444446
        ],
        [
            2.6666666666666665
        ],
        [
            2.0
        ]
    ],
    "rho_0.1_beta_5e-05": [
        [
            3.25
        ],
        [
            3.8
        ],
        [
            2.8333333333333335
        ],
        [
            2.6
        ],
        [
            4.5
        ]
    ],
    "rho_0.0_beta_0.00015": [
        [
            0.0
        ],
        [
            0.0
        ],
        [
            0.0
        ],
        [
            0.0
        ],
        [
            0.0
        ]
    ],
    "rho_0.0025_beta_0.00015": [
        [
            0.6666666666666666
        ],
        [
            0.0
        ],
        [
            0.1
        ],
        [
            0.2857142857142857
        ],
        [
            0.3333333333333333
        ]
    ],
    "rho_0.005_beta_0.00015": [
        [
            0.0
        ],
        [
            1.0
        ],
        [
            0.3333333333333333
        ],
        [
            0.125
        ],
        [
            0.2857142857142857
        ]
    ],
    "rho_0.0075_beta_0.00015": [
        [
            0.0
        ],
        [
            1.3
        ],
        [
            0.75
        ],
        [
            1.5
        ],
        [
            0.25
        ]
    ],
    "rho_0.01_beta_0.00015": [
        [
            0.9
        ],
        [
            1.0
        ],
        [
            0.875
        ],
        [
            2.0
        ],
        [
            1.2
        ]
    ],
    "rho_0.0125_beta_0.00015": [
        [
            1.2857142857142858
        ],
        [
            2.0
        ],
        [
            1.0
        ],
        [
            0.9
        ],
        [
            1.0
        ]
    ],
    "rho_0.015_beta_0.00015": [
        [
            3.0
        ],
        [
            1.0
        ],
        [
            1.0
        ],
        [
            0.8
        ],
        [
            1.0
        ]
    ],
    "rho_0.0175_beta_0.00015": [
        [
            1.1428571428571428
        ],
        [
            1.6666666666666667
        ],
        [
            1.8
        ],
        [
            1.875
        ],
        [
            1.4
        ]
    ],
    "rho_0.02_beta_0.00015": [
        [
            2.5
        ],
        [
            3.0
        ],
        [
            3.0
        ],
        [
            2.0
        ],
        [
            1.0
        ]
    ],
    "rho_0.0225_beta_0.00015": [
        [
            2.3333333333333335
        ],
        [
            4.0
        ],
        [
            2.0
        ],
        [
            1.8571428571428572
        ],
        [
            1.7777777777777777
        ]
    ],
    "rho_0.025_beta_0.00015": [
        [
            2.0
        ],
        [
            2.1666666666666665
        ],
        [
            1.0
        ],
        [
            2.5
        ],
        [
            2.4444444444444446
        ]
    ],
    "rho_0.0275_beta_0.00015": [
        [
            1.5
        ],
        [
            1.75
        ],
        [
            5.0
        ],
        [
            1.3333333333333333
        ],
        [
            1.5
        ]
    ],