{
    "rho_0.0_beta_5e-05": [
        [
            0.0
        ],
        [
            0.0
        ],
        [
            0.0
        ],
        [
            0.0
        ],
        [
            0.0
        ]
    ],
    "rho_0.0025_beta_5e-05": [
        [
            0.0
        ],
        [
            0.3333333333333333
        ],
        [
            0.25
        ],
        [
            0.1
        ],
        [
            0.0
        ]
    ],
    "rho_0.005_beta_5e-05": [
        [
            0.0
        ],
        [
            0.1111111111111111
        ],
        [
            0.0
        ],
        [
            0.0
        ],
        [
            0.3333333333333333
        ]
    ],
    "rho_0.0075_beta_5e-05": [
        [
            0.0
        ],
        [
            0.0
        ],
        [
            0.4
        ],
        [
            0.4
        ],
        [
            0.0
        ]
    ],
    "rho_0.01_beta_5e-05": [
        [
            0.0
        ],
        [
            0.4
        ],
        [
            0.2857142857142857
        ],
        [
            0.125
        ],
        [
            0.0
        ]
    ],
    "rho_0.0125_beta_5e-05": [
        [
            0.625
        ],
        [
            0.42857142857142855
        ],
        [
            0.0
        ],
        [
            0.25
        ],
        [
            0.1
        ]
    ],
    "rho_0.015_beta_5e-05": [
        [
            0.0
        ],
        [
            0.42857142857142855
        ],
        [
            0.2222222222222222
        ],
        [
            0.0
        ],
        [
            0.7
        ]
    ],
    "rho_0.0175_beta_5e-05": [
        [
            0.5
        ],
        [
            0.375
        ],
        [
            0.2
        ],
        [
            0.7142857142857143
        ],
        [
            0.5555555555555556
        ]
    ],
    "rho_0.02_beta_5e-05": [
        [
            0.6666666666666666
        ],
        [
            0.75
        ],
        [
            1.0
        ],
        [
            0.8
        ],
        [
            0.0
        ]
    ],
    "rho_0.0225_beta_5e-05": [
        [
            0.5
        ],
        [
            0.6666666666666666
        ],
        [
            1.125
        ],
        [
            0.5
        ],
        [
            0.0
        ]
    ],
    "rho_0.025_beta_5e-05": [
        [
            0.2857142857142857
        ],
        [
            0.0
        ],
        [
            1.0
        ],
        [
            1.2
        ],
        [
            0.8888888888888888
        ]
    ],
    "rho_0.0275_beta_5e-05": [
        [
            0.4
        ],
        [
            0.8
        ],
        [
            0.8
        ],
        [
            0.5
        ],
        [
            1.0
        ]
    ],
    "rho_0.03_beta_5e-05": [
        [
            1.4
        ],
        [
            2.0
        ],
        [
            1.0
        ],
        [
            1.25
        ],
        [
            1.4444444444444444
        ]
    ],
    "rho_0.04_beta_5e-05": [
        [
            1.0
        ],
        [
            1.875
        ],
        [
            1.8333333333333333
        ],
        [
            0.0
        ],
        [
            1.5555555555555556
        ]
    ],
    "rho_0.05_beta_5e-05": [
        [
            1.0
        ],
        [
            1.7777777777777777
        ],
        [
            0.3333333333333333
        ],
        [
            1.75
        ],
        [
            1.3333333333333333
        ]
    ],
    "rho_0.060000000000000005_beta_5e-05": [
        [
            1.0
        ],
        [
            1.7142857142857142
        ],
        [
            3.5
        ],
        [
            3.2
        ],
        [
            1.5
        ]
    ],
    "rho_0.07_beta_5e-05": [
        [
            2.4285714285714284
        ],
        [
            3.25
        ],
        [
            3.5
        ],
        [
            1.625
        ],
        [
            2.2
        ]
    ],
    "rho_0.08000000000000002_beta_5e-05": [
        [
            4.0
        ],
        [
            2.1666666666666665
        ],
        [
            2.6666666666666665
        ],
        [
            2.8
        ],
        [
            2.0
        ]
    ],
    "rho_0.09000000000000001_beta_5e-05": [
        [
            3.0
        ],
        [
            2.0
        ],
        [
            0.3333333333333333
        ],
        [
            6.0
        ],
        [
            2.111111111111111
        ]
    ],
    "rho_0.1_beta_5e-05": [
        [
            3.0
        ],
        [
            2.5
        ],
        [
            2.111111111111111
        ],
        [
            1.75
        ],
        [
            1.5
        ]
    ],
    "rho_0.0_beta_0.00015": [
        [
            0.0
        ],
        [
            0.0
        ],
        [
            0.0
        ],
        [
            0.0
        ],
        [
            0.0
        ]
    ],
    "rho_0.0025_beta_0.00015": [
        [
            0.3333333333333333
        ],
        [
            0.0
        ],
        [
            0.3333333333333333
        ],
        [
            0.25
        ],
        [
            0.0
        ]
    ],
    "rho_0.005_beta_0.00015": [
        [
            0.8888888888888888
        ],
        [
            1.1428571428571428
        ],
        [
            0.25
        ],
        [
            0.6
        ],
        [
            0.3333333333333333
        ]
    ],
    "rho_0.0075_beta_0.00015": [
        [
            0.3333333333333333
        ],
        [
            0.9
        ],
        [
            0.8888888888888888
        ],
        [
            0.5
        ],
        [
            0.75
        ]
    ],
    "rho_0.01_beta_0.00015": [
        [
            1.2
        ],
        [
            1.0
        ],
        [
            1.0
        ],
        [
            0.0
        ],
        [
            1.2222222222222223
        ]
    ],
    "rho_0.0125_beta_0.00015": [
        [
            0.3333333333333333
        ],
        [
            1.0
        ],
        [
            0.5
        ],
        [
            0.0
        ],
        [
            0.5555555555555556
        ]
    ],
    "rho_0.015_beta_0.00015": [
        [
            0.5
        ],
        [
            0.6666666666666666
        ],
        [
            1.0
        ],
        [
            1.625
        ],
        [
            1.3333333333333333
        ]
    ],
    "rho_0.0175_beta_0.00015": [
        [
            1.7
        ],
        [
            1.3333333333333333
        ],
        [
            1.8
        ],
        [
            2.6666666666666665
        ],
        [
            0.75
        ]
    ],
    "rho_0.02_beta_0.00015": [
        [
            1.625
        ],
        [
            0.7142857142857143
        ],
        [
            1.625
        ],
        [
            2.0
        ],
        [
            1.875
        ]
    ],
    "rho_0.0225_beta_0.00015": [
        [
            2.5
        ],
        [
            2.3333333333333335
        ],
        [
            0.9
        ],
        [
            3.5
        ],
        [
            1.0
        ]
    ],
    "rho_0.025_beta_0.00015": [
        [
            2.4285714285714284
        ],
        [
            1.3
        ],
        [
            3.1666666666666665
        ],
        [
            2.5
        ],
        [
            1.8
        ]
    ],
    "rho_0.0275_beta_0.00015": [
        [
            6.0
        ],
        [
            7.5
        ],
        [
            2.75
        ],
        [
            2.75
        ],
        [
            1.7777777777777777
        ]
    ],