{
    "rho_0.0_beta_5e-05": [
        [
            0.0
        ],
        [
            0.0
        ],
        [
            0.0
        ],
        [
            0.0
        ],
        [
            0.0
        ]
    ],
    "rho_0.0025_beta_5e-05": [
        [
            0.0
        ],
        [
            0.0
        ],
        [
            0.0
        ],
        [
            0.375
        ],
        [
            0.1111111111111111
        ]
    ],
    "rho_0.005_beta_5e-05": [
        [
            0.25
        ],
        [
            0.25
        ],
        [
            0.0
        ],
        [
            0.0
        ],
        [
            0.14285714285714285
        ]
    ],
    "rho_0.0075_beta_5e-05": [
        [
            0.0
        ],
        [
            0.3333333333333333
        ],
        [
            0.4
        ],
        [
            0.2
        ],
        [
            0.0
        ]
    ],
    "rho_0.01_beta_5e-05": [
        [
            1.0
        ],
        [
            0.0
        ],
        [
            0.5555555555555556
        ],
        [
            0.125
        ],
        [
            0.0
        ]
    ],
    "rho_0.0125_beta_5e-05": [
        [
            0.4
        ],
        [
            0.42857142857142855
        ],
        [
            0.0
        ],
        [
            0.25
        ],
        [
            0.42857142857142855
        ]
    ],
    "rho_0.015_beta_5e-05": [
        [
            0.6666666666666666
        ],
        [
            0.0
        ],
        [
            0.375
        ],
        [
            0.3
        ],
        [
            0.4444444444444444
        ]
    ],
    "rho_0.0175_beta_5e-05": [
        [
            0.5
        ],
        [
            0.4
        ],
        [
            0.0
        ],
        [
            0.3333333333333333
        ],
        [
            0.75
        ]
    ],
    "rho_0.02_beta_5e-05": [
        [
            1.0
        ],
        [
            0.0
        ],
        [
            1.0
        ],
        [
            0.3
        ],
        [
            0.5
        ]
    ],
    "rho_0.0225_beta_5e-05": [
        [
            0.5
        ],
        [
            0.6
        ],
        [
            1.3333333333333333
        ],
        [
            0.375
        ],
        [
            0.2857142857142857
        ]
    ],
    "rho_0.025_beta_5e-05": [
        [
            0.5555555555555556
        ],
        [
            0.0
        ],
        [
            0.5
        ],
        [
            0.6
        ],
        [
            0.6666666666666666
        ]
    ],
    "rho_0.0275_beta_5e-05": [
        [
            0.3333333333333333
        ],
        [
            1.1
        ],
        [
            0.5
        ],
        [
            1.0
        ],
        [
            1.0
        ]
    ],
    "rho_0.03_beta_5e-05": [
        [
            0.75
        ],
        [
            0.8571428571428571
        ],
        [
            1.0
        ],
        [
            0.8
        ],
        [
            0.5
        ]
    ],
    "rho_0.04_beta_5e-05": [
        [
            2.0
        ],
        [
            1.0
        ],
        [
            0.0
        ],
        [
            1.0
        ],
        [
            1.2
        ]
    ],
    "rho_0.05_beta_5e-05": [
        [
            2.1
        ],
        [
            1.8333333333333333
        ],
        [
            1.5
        ],
        [
            1.4
        ],
        [
            1.1666666666666667
        ]
    ],
    "rho_0.060000000000000005_beta_5e-05": [
        [
            1.8888888888888888
        ],
        [
            1.6
        ],
        [
            1.4444444444444444
        ],
        [
            3.25
        ],
        [
            1.3333333333333333
        ]
    ],
    "rho_0.07_beta_5e-05": [
        [
            1.25
        ],
        [
            1.5
        ],
        [
            1.5
        ],
        [
            1.3
        ],
        [
            2.0
        ]
    ],
    "rho_0.08000000000000002_beta_5e-05": [
        [
            2.3333333333333335
        ],
        [
            2.8333333333333335
        ],
        [
            1.5
        ],
        [
            1.9
        ],
        [
            3.0
        ]
    ],
    "rho_0.09000000000000001_beta_5e-05": [
        [
            2.625
        ],
        [
            2.0
        ],
        [
            3.5
        ],
        [
            2.8
        ],
        [
            0.5
        ]
    ],
    "rho_0.1_beta_5e-05": [
        [
            4.25
        ],
        [
            3.1
        ],
        [
            1.0
        ],
        [
            3.5
        ],
        [
            3.25
        ]
    ],
    "rho_0.0_beta_0.00015": [
        [
            0.0
        ],
        [
            0.0
        ],
        [
            0.0
        ],
        [
            0.0
        ],
        [
            0.0
        ]
    ],
    "rho_0.0025_beta_0.00015": [
        [
            0.0
        ],
        [
            0.0
        ],
        [
            0.3333333333333333
        ],
        [
            0.3333333333333333
        ],
        [
            0.0
        ]
    ],
    "rho_0.005_beta_0.00015": [
        [
            0.3333333333333333
        ],
        [
            0.25
        ],
        [
            0.8888888888888888
        ],
        [
            0.3333333333333333
        ],
        [
            0.875
        ]
    ],
    "rho_0.0075_beta_0.00015": [
        [
            0.75
        ],
        [
            0.4
        ],
        [
            0.3333333333333333
        ],
        [
            0.75
        ],
        [
            0.0
        ]
    ],
    "rho_0.01_beta_0.00015": [
        [
            0.3333333333333333
        ],
        [
            0.3333333333333333
        ],
        [
            0.4
        ],
        [
            0.3333333333333333
        ],
        [
            0.7142857142857143
        ]
    ],
    "rho_0.0125_beta_0.00015": [
        [
            0.8333333333333334
        ],
        [
            1.5
        ],
        [
            0.2857142857142857
        ],
        [
            1.7142857142857142
        ],
        [
            1.0
        ]
    ],
    "rho_0.015_beta_0.00015": [
        [
            1.0
        ],
        [
            0.0
        ],
        [
            1.1428571428571428
        ],
        [
            1.75
        ],
        [
            3.0
        ]
    ],
    "rho_0.0175_beta_0.00015": [
        [
            0.875
        ],
        [
            1.5555555555555556
        ],
        [
            5.0
        ],
        [
            2.0
        ],
        [
            0.0
        ]
    ],
    "rho_0.02_beta_0.00015": [
        [
            1.25
        ],
        [
            2.0
        ],
        [
            1.6666666666666667
        ],
        [
            1.5
        ],
        [
            1.4444444444444444
        ]
    ],
    "rho_0.0225_beta_0.00015": [
        [
            1.8888888888888888
        ],
        [
            2.5714285714285716
        ],
        [
            1.8
        ],
        [
            1.5
        ],
        [
            2.0
        ]
    ],
    "rho_0.025_beta_0.00015": [
        [
            2.5714285714285716
        ],
        [
            1.3333333333333333
        ],
        [
            1.1
        ],
        [
            2.2222222222222223
        ],
        [
            2.3333333333333335
        ]
    ],
    "rho_0.0275_beta_0.00015": [
        [
            2.5714285714285716
        ],
        [
            2.888888888888889
        ],
        [
            2.375
        ],
        [
            2.111111111111111
        ],
        [
            2.0
        ]
    ],