{
    "rho_0.0_beta_5e-05": [
        [
            0.0
        ],
        [
            0.0
        ],
        [
            0.0
        ],
        [
            0.0
        ],
        [
            0.0
        ]
    ],
    "rho_0.0025_beta_5e-05": [
        [
            0.1
        ],
        [
            0.0
        ],
        [
            0.14285714285714285
        ],
        [
            0.5
        ],
        [
            0.0
        ]
    ],
    "rho_0.005_beta_5e-05": [
        [
            0.125
        ],
        [
            0.0
        ],
        [
            0.3333333333333333
        ],
        [
            0.0
        ],
        [
            0.25
        ]
    ],
    "rho_0.0075_beta_5e-05": [
        [
            0.6
        ],
        [
            0.0
        ],
        [
            0.0
        ],
        [
            0.6666666666666666
        ],
        [
            0.3
        ]
    ],
    "rho_0.01_beta_5e-05": [
        [
            0.0
        ],
        [
            0.6666666666666666
        ],
        [
            0.0
        ],
        [
            0.42857142857142855
        ],
        [
            0.0
        ]
    ],
    "rho_0.0125_beta_5e-05": [
        [
            0.75
        ],
        [
            0.1111111111111111
        ],
        [
            0.6666666666666666
        ],
        [
            0.6
        ],
        [
            0.0
        ]
    ],
    "rho_0.015_beta_5e-05": [
        [
            0.0
        ],
        [
            0.4444444444444444
        ],
        [
            0.14285714285714285
        ],
        [
            1.0
        ],
        [
            0.3333333333333333
        ]
    ],
    "rho_0.0175_beta_5e-05": [
        [
            0.5
        ],
        [
            0.5
        ],
        [
            0.8333333333333334
        ],
        [
            0.1
        ],
        [
            0.0
        ]
    ],
    "rho_0.02_beta_5e-05": [
        [
            0.0
        ],
        [
            0.5
        ],
        [
            0.75
        ],
        [
            0.0
        ],
        [
            0.3333333333333333
        ]
    ],
    "rho_0.0225_beta_5e-05": [
        [
            0.5
        ],
        [
            0.75
        ],
        [
            0.5
        ],
        [
            0.16666666666666666
        ],
        [
            2.0
        ]
    ],
    "rho_0.025_beta_5e-05": [
        [
            0.5555555555555556
        ],
        [
            1.0
        ],
        [
            0.0
        ],
        [
            1.0
        ],
        [
            0.5
        ]
    ],
    "rho_0.0275_beta_5e-05": [
        [
            0.4
        ],
        [
            1.0
        ],
        [
            0.5
        ],
        [
            0.3333333333333333
        ],
        [
            0.5
        ]
    ],
    "rho_0.03_beta_5e-05": [
        [
            0.8
        ],
        [
            1.25
        ],
        [
            0.0
        ],
        [
            0.8333333333333334
        ],
        [
            0.6
        ]
    ],
    "rho_0.04_beta_5e-05": [
        [
            2.0
        ],
        [
            0.0
        ],
        [
            1.5
        ],
        [
            1.0
        ],
        [
            1.5
        ]
    ],
    "rho_0.05_beta_5e-05": [
        [
            1.4
        ],
        [
            1.3333333333333333
        ],
        [
            1.1666666666666667
        ],
        [
            2.0
        ],
        [
            0.75
        ]
    ],
    "rho_0.060000000000000005_beta_5e-05": [
        [
            0.8
        ],
        [
            2.25
        ],
        [
            1.7777777777777777
        ],
        [
            1.5
        ],
        [
            1.6
        ]
    ],
    "rho_0.07_beta_5e-05": [
        [
            1.7
        ],
        [
            1.6
        ],
        [
            1.7777777777777777
        ],
        [
            4.333333333333333
        ],
        [
            0.0
        ]
    ],
    "rho_0.08000000000000002_beta_5e-05": [
        [
            3.0
        ],
        [
            2.25
        ],
        [
            2.142857142857143
        ],
        [
            2.0
        ],
        [
            2.625
        ]
    ],
    "rho_0.09000000000000001_beta_5e-05": [
        [
            0.8
        ],
        [
            2.5
        ],
        [
            4.285714285714286
        ],
        [
            6.0
        ],
        [
            3.5
        ]
    ],
    "rho_0.1_beta_5e-05": [
        [
            1.0
        ],
        [
            3.0
        ],
        [
            2.6666666666666665
        ],
        [
            3.0
        ],
        [
            1.8571428571428572
        ]
    ],
    "rho_0.0_beta_0.00015": [
        [
            0.0
        ],
        [
            0.0
        ],
        [
            0.0
        ],
        [
            0.0
        ],
        [
            0.0
        ]
    ],
    "rho_0.0025_beta_0.00015": [
        [
            0.0
        ],
        [
            0.0
        ],
        [
            0.1
        ],
        [
            0.0
        ],
        [
            0.0
        ]
    ],
    "rho_0.005_beta_0.00015": [
        [
            0.4
        ],
        [
            0.3333333333333333
        ],
        [
            1.0
        ],
        [
            0.16666666666666666
        ],
        [
            0.0
        ]
    ],
    "rho_0.0075_beta_0.00015": [
        [
            0.4
        ],
        [
            1.0
        ],
        [
            0.3
        ],
        [
            1.2
        ],
        [
            0.8
        ]
    ],
    "rho_0.01_beta_0.00015": [
        [
            1.125
        ],
        [
            0.6666666666666666
        ],
        [
            0.25
        ],
        [
            1.0
        ],
        [
            1.4
        ]
    ],
    "rho_0.0125_beta_0.00015": [
        [
            1.0
        ],
        [
            0.75
        ],
        [
            1.2857142857142858
        ],
        [
            1.2
        ],
        [
            1.5
        ]
    ],
    "rho_0.015_beta_0.00015": [
        [
            0.42857142857142855
        ],
        [
            0.6666666666666666
        ],
        [
            1.5555555555555556
        ],
        [
            1.75
        ],
        [
            0.5
        ]
    ],
    "rho_0.0175_beta_0.00015": [
        [
            1.2
        ],
        [
            2.0
        ],
        [
            2.4
        ],
        [
            1.4
        ],
        [
            1.7777777777777777
        ]
    ],
    "rho_0.02_beta_0.00015": [
        [
            2.0
        ],
        [
            2.2
        ],
        [
            1.8888888888888888
        ],
        [
            1.0
        ],
        [
            0.5
        ]
    ],
    "rho_0.0225_beta_0.00015": [
        [
            2.2857142857142856
        ],
        [
            3.6666666666666665
        ],
        [
            3.0
        ],
        [
            1.4
        ],
        [
            3.8
        ]
    ],
    "rho_0.025_beta_0.00015": [
        [
            2.6666666666666665
        ],
        [
            1.0
        ],
        [
            5.0
        ],
        [
            4.0
        ],
        [
            2.0
        ]
    ],
    "rho_0.0275_beta_0.00015": [
        [
            2.1
        ],
        [
            1.1666666666666667
        ],
        [
            1.6666666666666667
        ],
        [
            4.0
        ],
        [
            1.1428571428571428
        ]
    ],