{
    "rho_0.01_beta_0.05": [
        [
            3.0,
            1.6666666666666667
        ],
        [
            1.0,
            2.0,
            1.0
        ]
    ],
    "rho_0.005_beta_0.05": [
        [
            4.0,
            2.5,
            2.2,
            1.5,
            1.2424242424242424,
            0.975609756097561,
            0.525,
            0.5238095238095238,
            0.36363636363636365,
            0.75
        ],
        [
            2.0,
            3.5,
            0.2857142857142857,
            1.5
        ]
    ]
}